/de/karriere.html;https://www.kwb.net/karriere/
/de/karriere/faqs-zur-bewerbung.html;https://www.kwb.net/karriere/
/de/karriere/kwb-unternehmensbereiche.html;https://www.kwb.net/karriere/
/de/karriere/kwb-young-stars.html;https://www.kwb.net/karriere/
/de/karriere/lehre-bei-kwb.html;https://www.kwb.net/karriere/
/de/karriere/lehre-bei-kwb/aufnahmeverfahren.html;https://www.kwb.net/karriere/
/de/karriere/offene-stellen-kwb.html;https://www.kwb.net/karriere/
/de/karriere/offene-stellen-kwb/servicetechniker-mw.html;https://www.kwb.net/karriere/
/de/karriere/offene-stellen-kwb/softwareentwickler-embedded-systems-mw.html;https://www.kwb.net/karriere/
/de/karriere/praktikadiplomarbeiten.html;https://www.kwb.net/karriere/
/de/karriere/wohlfuehlen-bei-kwb.html;https://www.kwb.net/karriere/
/de/karriere/wohlfuehlen-bei-kwb/mitarbeiterinnen-benefits.html;https://www.kwb.net/karriere/
/de/kontakt.html;https://www.kwb.net/kontakt-service/
/de/kontakt/anfahrtsplan.html;https://www.kwb.net/kontakt-service/
/de/kontakt/produkt-anfragen.html;https://www.kwb.net/kontakt-service/
/de/vertrieb-service/downloads.html;https://www.kwb.net/kontakt-service/
/de/vertrieb-service/downloads/kurzpruefberichte-fuer-foerderansuchen.html;https://www.kwb.net/kontakt-service/
/de/vertrieb-service/foerderungen.html;https://www.kwb.net/kontakt-service/
/de/vertrieb-service/kwb-gebietsleiter.html;https://www.kwb.net/kontakt-service/
/de/vertrieb-service/kwb-kundendienst.html;https://www.kwb.net/kontakt-service/
/de/vertrieb-service/kwb-partner-akademie.html;https://www.kwb.net/kontakt-service/
/de/vertrieb-service/kwb-partner-akademie/schulungstermine.html;https://www.kwb.net/kontakt-service/
/de/vertrieb-service/kwb-partner-in-ihrer-naehe.html;https://www.kwb.net/kontakt-service/
/de/vertrieb-service/kwb-vertriebs-niederlassungen/stammwerk-st-margarethenraab.html;https://www.kwb.net/kontakt-service/
/de/vertrieb-service/kwb-vertriebs-niederlassungen/vertriebs-niederlassung-asperhofen.html;https://www.kwb.net/kontakt-service/
/de/vertrieb-service/kwb-vertriebs-niederlassungen/vertriebs-niederlassung-mils.html;https://www.kwb.net/kontakt-service/
/de/vertrieb-service/kwb-vertriebs-niederlassungen/vertriebspartner-kaernten-und-osttirol.html;https://www.kwb.net/kontakt-service/
/de/vertrieb-service/terminvereinbarung-kostenlose-beratung-und-planung.html;https://www.kwb.net/kontakt-service/
/de/vertrieb-service/weiterempfehlung.html;https://www.kwb.net/kontakt-service/
/de/combifire.html;https://www.kwb.net/loesung/kwb-combifire/
/de/produkte/kwb-comfort-online.html;https://www.kwb.net/loesung/kwb-comfort-online/
/de/produkte/kwb-comfort-online/haeufig-gestellte-fragen.html;https://www.kwb.net/loesung/kwb-comfort-online/
/de/produkte/kwb-comfort-online/produkt-anfragen.html;https://www.kwb.net/loesung/kwb-comfort-online/
/de/produkte/kwb-speichersysteme/pufferspeicher-empaeco-und-empaeco-solar.html;https://www.kwb.net/loesung/kwb-empaeco-solar/
/de/produkte/kwb-speichersysteme/schichtspeicher-empacompact.html;https://www.kwb.net/loesung/kwb-empaeco-solar/
/de/produkte/kwb-speichersysteme/brauchwasserspeicher-empatherm-und-empatherm-solar.html;https://www.kwb.net/loesung/kwb-empatherm-solar/
/de/produkte/kwb-speichersysteme/wellrohr-schichtspeicher-empawell.html;https://www.kwb.net/loesung/kwb-empawell/
/de/produkte/kwb-pelletfire-plus-pelletheizung.html;https://www.kwb.net/loesung/kwb-pelletfire-plus/
/de/produkte/kwb-pelletfire-plus-pelletheizung/einbaubeispiele.html;https://www.kwb.net/loesung/kwb-pelletfire-plus/
/de/produkte/kwb-pelletfire-plus-pelletheizung/garantie-service.html;https://www.kwb.net/loesung/kwb-pelletfire-plus/
/de/produkte/kwb-pelletfire-plus-pelletheizung/produkt-anfragen.html;https://www.kwb.net/loesung/kwb-pelletfire-plus/
/de/produkte/kwb-pelletfire-plus-pelletheizung/technik-im-detail.html;https://www.kwb.net/loesung/kwb-pelletfire-plus/
/de/produkte/kwb-pelletfire-plus-pelletheizung/vorteile-innovationen.html;https://www.kwb.net/loesung/kwb-pelletfire-plus/
/de/produkte/kwb-powerfire-hackgut-pelletheizung.html;https://www.kwb.net/loesung/kwb-powerfire/
/de/produkte/kwb-powerfire-hackgut-pelletheizung/einbaubeispiele.html;https://www.kwb.net/loesung/kwb-powerfire/
/de/produkte/kwb-powerfire-hackgut-pelletheizung/garantie-service.html;https://www.kwb.net/loesung/kwb-powerfire/
/de/produkte/kwb-powerfire-hackgut-pelletheizung/produkt-anfragen.html;https://www.kwb.net/loesung/kwb-powerfire/
/de/produkte/kwb-powerfire-hackgut-pelletheizung/referenzbilder.html;https://www.kwb.net/loesung/kwb-powerfire/
/de/produkte/kwb-powerfire-hackgut-pelletheizung/technik-im-detail.html;https://www.kwb.net/loesung/kwb-powerfire/
/de/produkte/kwb-powerfire-hackgut-pelletheizung/vorteile-innovationen.html;https://www.kwb.net/loesung/kwb-powerfire/
/de/produkte/kwb-comfort-3.html;https://www.kwb.net/loesungen/extras/kwb-comfort-3/
/de/produkte/kwb-comfort-4.html;https://www.kwb.net/loesungen/extras/kwb-comfort-4/
/de/die-biomasse.html;https://www.kwb.net/nutzen-und-kosten/
/de/die-biomasse/der-brennstoff-holz.html;https://www.kwb.net/nutzen-und-kosten/
/de/die-biomasse/ihr-nutzen.html;https://www.kwb.net/nutzen-und-kosten/
/de/die-biomasse/biomasse-abc.html;https://www.kwb.net/nutzen-und-kosten/biomasse-abc/
/de/die-biomasse/kosten-einer-pelletheizung.html;https://www.kwb.net/nutzen-und-kosten/kosten-einer-pelletheizung/
/de/die-biomasse/kosten-einer-pelletheizung/foerderungen.html;https://www.kwb.net/nutzen-und-kosten/kosten-einer-pelletheizung/
/de/die-biomasse/kosten-einer-pelletheizung/haeufige-fragen.html;https://www.kwb.net/nutzen-und-kosten/kosten-einer-pelletheizung/
/de/die-biomasse/kosten-einer-pelletheizung/investitionsbeispiel-einfamilienhaus.html;https://www.kwb.net/nutzen-und-kosten/kosten-einer-pelletheizung/
/de/die-biomasse/kosten-einer-pelletheizung/kostenvergleich-pellets-oel.html;https://www.kwb.net/nutzen-und-kosten/kosten-einer-pelletheizung/
/de/presse.html;https://www.kwb.net/presse/
/de/presse/medienkontakt.html;https://www.kwb.net/presse/
/de/presse/newsarchiv.html;https://www.kwb.net/presse/
/de/presse/pressebilder/kwb-erleben.html;https://www.kwb.net/presse/
/de/presse/pressebilder/kwb-logo.html;https://www.kwb.net/presse/
/de/presse/pressebilder/produkte.html;https://www.kwb.net/presse/
/de/presse/pressebilder/unternehmen.html;https://www.kwb.net/presse/
/de/innovationen/cleanstgas.html;https://www.kwb.net/produkte/
/de/innovationen/gewebetank-kwb-pellet-big-bag.html;https://www.kwb.net/produkte/
/de/innovationen/kwb-easyflex.html;https://www.kwb.net/produkte/
/de/innovationen/kwb-pelletruehrwerk-plus.html;https://www.kwb.net/produkte/
/de/produkte.html;https://www.kwb.net/produkte/
/de/produkte/kwb-heizhaeuser/kwb-heizhaus-beton.html;https://www.kwb.net/produkte/
/de/produkte/kwb-heizhaeuser/kwb-heizhaus-holz.html;https://www.kwb.net/produkte/
/de/kwb-multifire-hackgut-und-pelletheizung.html;https://www.kwb.net/produkte/hackgutheizungen/
/de/produkte/kwb-multifire-hackgut-pelletheizung.html;https://www.kwb.net/produkte/hackgutheizungen/
/de/produkte/kwb-multifire-hackgut-pelletheizung/einbaubeispiele.html;https://www.kwb.net/produkte/hackgutheizungen/
/de/produkte/kwb-multifire-hackgut-pelletheizung/produkt-anfragen.html;https://www.kwb.net/produkte/hackgutheizungen/
/de/produkte/kwb-multifire-hackgut-pelletheizung/technik-im-detail.html;https://www.kwb.net/produkte/hackgutheizungen/
/de/produkte/kwb-multifire-hackgut-pelletheizung/vorteile-innovationen.html;https://www.kwb.net/produkte/hackgutheizungen/
/de/kwb-easyfire-pelletheizung.html;https://www.kwb.net/produkte/pelletheizungen/
/de/produkte/kwb-easyfire-pelletheizung.html;https://www.kwb.net/produkte/pelletheizungen/
/de/produkte/kwb-easyfire-pelletheizung/einbaubeispiele.html;https://www.kwb.net/produkte/pelletheizungen/
/de/produkte/kwb-easyfire-pelletheizung/garantie-service.html;https://www.kwb.net/produkte/pelletheizungen/
/de/produkte/kwb-easyfire-pelletheizung/kwb-easyfire-1.html;https://www.kwb.net/produkte/pelletheizungen/
/de/produkte/kwb-easyfire-pelletheizung/kwb-easyfire-1/produkt-anfragen.html;https://www.kwb.net/produkte/pelletheizungen/
/de/produkte/kwb-easyfire-pelletheizung/produkt-anfragen.html;https://www.kwb.net/produkte/pelletheizungen/
/de/produkte/kwb-easyfire-pelletheizung/referenzbilder.html;https://www.kwb.net/produkte/pelletheizungen/
/de/produkte/kwb-easyfire-pelletheizung/technik-im-detail.html;https://www.kwb.net/produkte/pelletheizungen/
/de/produkte/kwb-easyfire-pelletheizung/vorteile-innovationen.html;https://www.kwb.net/produkte/pelletheizungen/
/de/combifire-stueckholz-pellet-kombikessel.html;https://www.kwb.net/produkte/stueckholz-und-kombiheizungen/
/de/kwb-classicfire-stueckholzheizung.html;https://www.kwb.net/produkte/stueckholz-und-kombiheizungen/
/de/produkte/combifire-stueckholz-pellet-kombikessel.html;https://www.kwb.net/produkte/stueckholz-und-kombiheizungen/
/de/produkte/combifire-stueckholz-pellet-kombikessel/produkt-anfragen.html;https://www.kwb.net/produkte/stueckholz-und-kombiheizungen/
/de/produkte/combifire-stueckholz-pellet-kombikessel/vorteile-innovationen.html;https://www.kwb.net/produkte/stueckholz-und-kombiheizungen/
/de/produkte/kwb-classicfire-stueckholzheizung-1828-kw.html;https://www.kwb.net/produkte/stueckholz-und-kombiheizungen/
/de/produkte/kwb-classicfire-stueckholzheizung-1828-kw/produkt-anfragen.html;https://www.kwb.net/produkte/stueckholz-und-kombiheizungen/
/de/produkte/kwb-classicfire-stueckholzheizung-1828-kw/vorteile-innovationen.html;https://www.kwb.net/produkte/stueckholz-und-kombiheizungen/
/de/produkte/kwb-classicfire-stueckholzheizung-40-50-kw.html;https://www.kwb.net/produkte/stueckholz-und-kombiheizungen/
/de/produkte/kwb-classicfire-stueckholzheizung-40-50-kw/produkt-anfragen.html;https://www.kwb.net/produkte/stueckholz-und-kombiheizungen/
/de/produkte/kwb-speichersysteme.html;https://www.kwb.net/produkte/system-zubehoer/
/de/produkte/kwb-speichersysteme/produkt-anfragen.html;https://www.kwb.net/produkte/system-zubehoer/
/de/produkte/kwb-speichersysteme/schichtspeicher-kwb-empasiss.html;https://www.kwb.net/produkte/system-zubehoer/
/de/bewaehrte-qualitaet-seit-ueber-20-jahren.html;https://www.kwb.net/wir-sind-kwb/
/de/unternehmen.html;https://www.kwb.net/wir-sind-kwb/
/de/unternehmen/geschichte.html;https://www.kwb.net/wir-sind-kwb/
/de/karriere/auszeichnungen.html;https://www.kwb.net/wir-sind-kwb/auszeichnungen/
/de/unternehmen/auszeichnungen.html;https://www.kwb.net/wir-sind-kwb/auszeichnungen/
/de/rund-um-kwb.html;https://www.kwb.net/wir-sind-kwb/kwb-erleben/
/de/rund-um-kwb/besuchergalerie.html;https://www.kwb.net/wir-sind-kwb/kwb-erleben/
/de/rund-um-kwb/besuchergalerie/visitorgallery/kwb-neuheiten-advanced-schulung.html;https://www.kwb.net/wir-sind-kwb/kwb-erleben/
/de/rund-um-kwb/besuchergalerie/visitorgallery/rauchfangkehrerpraxistag-7.html;https://www.kwb.net/wir-sind-kwb/kwb-erleben/
/de/rund-um-kwb/besuchergalerie/visitorgallery/werksbesichtigung-hlw-hartberg.html;https://www.kwb.net/wir-sind-kwb/kwb-erleben/
/de/rund-um-kwb/besuchergalerie/visitorgallery/werksbesichtigung.html;https://www.kwb.net/wir-sind-kwb/kwb-erleben/
/de/rund-um-kwb/besuchergalerie/visitorgallery/werksbesichtigungschulung-lbs-graz-1.html;https://www.kwb.net/wir-sind-kwb/kwb-erleben/
/de/rund-um-kwb/besuchergalerie/visitorgallery/werksbesichtigungschulung-lbs-graz-2.html;https://www.kwb.net/wir-sind-kwb/kwb-erleben/
/de/rund-um-kwb/erlebnis-welt-energie.html;https://www.kwb.net/wir-sind-kwb/kwb-erleben/
/de/rund-um-kwb/fuehrungen-produktberatung.html;https://www.kwb.net/wir-sind-kwb/kwb-erleben/
/de/rund-um-kwb/kwb-auf-facebook.html;https://www.kwb.net/wir-sind-kwb/kwb-erleben/
/de/rund-um-kwb/kwb-besucherzentrum.html;https://www.kwb.net/wir-sind-kwb/kwb-erleben/
/de/rund-um-kwb/kwb-energie-schaugarten.html;https://www.kwb.net/wir-sind-kwb/kwb-erleben/
/de/rund-um-kwb/kwb-magazin.html;https://www.kwb.net/wir-sind-kwb/kwb-erleben/
/de/rund-um-kwb/kwb-termine.html;https://www.kwb.net/wir-sind-kwb/kwb-erleben/
/de/unternehmen/unternehmenskultur.html;https://www.kwb.net/wir-sind-kwb/philosophie/
/de/unternehmen/innovationen.html;https://www.kwb.net/wir-sind-kwb/technische-innovation/